Year;Month;A;B;C;D;E;A, B & C;D & E;All Classes;;;;;;;;;;
1993;1;95;92.8;96;92.2;83;94.2;87.3;92.4; ; ;; ; ;; ; ;; 
1993;2;95.5;93.2;99.8;92.7;84.6;95.1;88.4;93.4; ; ;; ; ;; ; ;; 
1993;3;95.1;93.3;98.9;91.7;86.8;94.9;89.1;93.3; ; ;; ; ;; ; ;; 
1993;4;95.8;94.5;99.8;95.3;86.2;95.8;90.4;94.4; ; ;; ; ;; ; ;; 
1993;5;95.1;94.5;98.7;95.6;87.5;95.4;91.3;94.3; ; ;; ; ;; ; ;; 
1993;6;96.3;96.2;101.3;96.1;89;97.1;92.4;95.8; ; ;; ; ;; ; ;; 
1993;7;96.2;99.6;101.3;99.6;89.6;98.6;94.3;97.5; ; ;; ; ;; ; ;; 
1993;8;98.1;100.3;104.4;100.2;93.1;100.1;96.5;99.2; ; ;; ; ;; ; ;; 
1993;9;97.9;102.8;104.9;100.8;94.3;101.3;97.4;100.3; ; ;; ; ;; ; ;; 
1993;10;100.6;104.2;106;100;93.9;103.2;96.8;101.5; ; ;; ; ;; ; ;; 
1993;11;101.5;105.6;104.9;101.8;93;104;97.2;102.2; ; ;; ; ;; ; ;; 
1993;12;102.7;105.4;108.2;104.5;98.1;104.9;101.2;103.9; ; ;; ; ;; ; ;; 
1994;1;104;106.3;108.4;105.8;99;105.8;102.3;104.9; ; ;; ; ;; ; ;; 
1994;2;104.9;107.5;110.7;106.8;99.3;107;103;106; ; ;; ; ;; ; ;; 
1994;3;105.7;108.5;109.2;106.7;107.7;107.6;107.2;107.5; ; ;; ; ;; ; ;; 
1994;4;111.9;117.9;125.1;121.3;115.8;116.7;118.5;117.1; ; ;; ; ;; ; ;; 
1994;5;112.6;118.8;127.2;128.2;122.4;117.6;125.3;119.4; ; ;; ; ;; ; ;; 
1994;6;113.8;119.5;130.6;126.7;122.3;118.8;124.6;120.1; ; ;; ; ;; ; ;; 
1994;7;114.7;121.2;133.2;135.1;132;120.3;133.6;123.2; ; ;; ; ;; ; ;; 
1994;8;113.1;121.9;131.4;138.5;139.7;119.7;139;123.8; ; ;; ; ;; ; ;; 
1994;9;113.3;120.5;135.2;139.8;136.4;119.6;138.3;123.5; ; ;; ; ;; ; ;; 
1994;10;115.3;121.6;134.8;138.8;138.1;120.9;138.5;124.4; ; ;; ; ;; ; ;; 
1994;11;114.2;121;137.1;139.5;133.3;120.5;136.9;123.6; ; ;; ; ;; ; ;; 
1994;12;117.2;121;131.3;137.6;134.8;120.9;136.4;123.9; ; ;; ; ;; ; ;; 
1995;1;113.8;119.9;132.6;139.1;135.4;119.2;137.5;122.7; ; ;; ; ;; ; ;; 
1995;2;116.3;118.5;129.9;136.8;130.8;119.2;134.3;122.1; ; ;; ; ;; ; ;; 
1995;3;114.4;121.4;134.1;135.5;132.5;120.4;134.2;123.1; ; ;; ; ;; ; ;; 
1995;4;114.8;119.8;131.1;132.5;130.4;119.4;131.6;121.7; ; ;; ; ;; ; ;; 
1995;5;117.4;122.2;127.5;132.2;129.9;121;131.2;123; ; ;; ; ;; ; ;; 
1995;6;116.4;121.6;127.7;130.7;128.4;120.4;129.7;122.2; ; ;; ; ;; ; ;; 
1995;7;116.6;120.5;126.1;128.2;128.8;119.8;128.5;121.5; ; ;; ; ;; ; ;; 
1995;8;114.4;119.9;129.2;127.1;127.4;119.1;127.2;120.7; ; ;; ; ;; ; ;; 
1995;9;114.8;120.3;124.8;123.9;122.3;118.8;123.2;119.7; ; ;; ; ;; ; ;; 
1995;10;112.7;118.4;127.8;121.6;121.3;117.6;121.5;118.3; ; ;; ; ;; ; ;; 
1995;11;112.8;117.7;121.4;120.9;121.7;116.3;121.3;117.4; ; ;; ; ;; ; ;; 
1995;12;110.7;115.3;123.9;117.6;121.1;114.8;119.2;115.7; ; ;; ; ;; ; ;; 
1996;1;112.6;115.1;122.6;121.6;117.7;115.2;119.8;116.2; ; ;; ; ;; ; ;; 
1996;2;111.8;117.7;125.5;118.9;117.2;116.6;118.1;116.9; ; ;; ; ;; ; ;; 
1996;3;114.7;115.2;121;120.9;117.2;115.9;119.2;116.6; ; ;; ; ;; ; ;; 
1996;4;113.4;116.9;122.1;117.3;117.3;116.3;117.3;116.5; ; ;; ; ;; ; ;; 
1996;5;113.7;118.1;123.8;120.1;123;117.2;121.5;118.1; ; ;; ; ;; ; ;; 
1996;6;115.4;117;122.7;117.6;118.7;117.2;118.1;117.4; ; ;; ; ;; ; ;; 
1996;7;115.8;119.5;127;123.1;121.4;119;122.3;119.7; ; ;; ; ;; ; ;; 
1996;8;114.5;120;123.6;121.6;123.2;118.3;122.4;119.1; ; ;; ; ;; ; ;; 
1996;9;116.7;121.9;126.3;123.5;124.8;120.4;124.1;121.2; ; ;; ; ;; ; ;; 
1996;10;115;123.6;126.5;126;124;120.5;125;121.4; ; ;; ; ;; ; ;; 
1996;11;117.2;122.2;125.5;127.3;125.9;120.6;126.6;121.8; ; ;; ; ;; ; ;; 
1996;12;116.8;125.3;130.3;124.7;122.8;122.5;123.8;122.7; ; ;; ; ;; ; ;; 
1997;1;120.2;128.6;136.9;134;130;126.2;132;127.4; ; ;; ; ;; ; ;; 
1997;2;123.1;128.7;136.2;132.5;128;127.3;130.2;127.9; ; ;; ; ;; ; ;; 
1997;3;124.5;129.7;134.3;131.6;130.7;128.1;131.1;128.7; ; ;; ; ;; ; ;; 
1997;4;125;134.5;137;136.3;136.8;130.9;136.6;132; ; ;; ; ;; ; ;; 
1997;5;127.9;135.4;140.3;136.9;136.4;132.9;136.6;133.7; ; ;; ; ;; ; ;; 
1997;6;127.9;136.4;144.5;139.1;140.4;134;139.8;135.2; ; ;; ; ;; ; ;; 
1997;7;131.7;140.6;145.9;142.3;143.4;137.6;142.9;138.8; ; ;; ; ;; ; ;; 
1997;8;132.3;139.7;147.9;145.8;143.3;137.8;144.5;139.2; ; ;; ; ;; ; ;; 
1997;9;132.8;140;141.2;143.9;143.9;137.3;143.9;138.7; ; ;; ; ;; ; ;; 
1997;10;131.7;141.8;142.7;145.6;143.7;137.9;144.6;139.3; ; ;; ; ;; ; ;; 
1997;11;130.5;138.5;144.7;143.4;142.8;136.1;143.1;137.6; ; ;; ; ;; ; ;; 
1997;12;129.9;134.5;139.4;139.9;145.3;133.3;142.7;135.3; ; ;; ; ;; ; ;; 
1998;1;127.8;128.6;136;134.6;137.3;129.3;136;130.7; ; ;; ; ;; ; ;; 
1998;2;122.8;119.3;126.1;130.4;134.6;121.6;132.5;123.9; ; ;; ; ;; ; ;; 
1998;3;119.7;114.1;119.6;126.7;124.3;117;125.5;118.7; ; ;; ; ;; ; ;; 
1998;4;119;117.2;119.7;124.7;121.8;118.2;123.2;119.2; ; ;; ; ;; ; ;; 
1998;5;118.2;116.7;120.3;123.4;122.4;117.8;122.9;118.7; ; ;; ; ;; ; ;; 
1998;6;114.5;112.6;119.5;120.7;119.6;114.2;120.2;115.2; ; ;; ; ;; ; ;; 
1998;7;110.4;107.5;112.8;112.7;113.9;109.3;113.3;109.9; ; ;; ; ;; ; ;; 
1998;8;108.5;104.5;106.6;108.7;112.6;106.3;110.6;106.9; ; ;; ; ;; ; ;; 
1998;9;105.1;101.9;103.8;106.9;108;103.4;107.4;103.9; ; ;; ; ;; ; ;; 
1998;10;103.1;101;101.1;105.3;106.1;101.8;105.7;102.4; ; ;; ; ;; ; ;; 
1998;11;101.2;100.3;98.1;100;102.1;100.4;101;100.5; ; ;; ; ;; ; ;; 
1998;12;102.8;100.4;99.4;99.7;100.2;101.2;99.9;101; ; ;; ; ;; ; ;; 
1999;1;102.5;101.9;100.9;102;102.3;102;102.1;102; ; ;; ; ;; ; ;; 
1999;2;101.1;100.7;101.1;103.1;100.2;100.9;101.7;101; ; ;; ; ;; ; ;; 
1999;3;101.3;100.7;99.9;102.2;100.8;100.8;101.5;100.9; ; ;; ; ;; ; ;; 
1999;4;100.7;100.8;100;100.8;100.2;100.7;100.5;100.6; ; ;; ; ;; ; ;; 
1999;5;100.8;100;100.9;101.1;100.1;100.4;100.6;100.5; ; ;; ; ;; ; ;; 
1999;6;101.2;100;100.5;100.4;100.2;100.5;100.3;100.5; ; ;; ; ;; ; ;; 
1999;7;100.6;100.8;101.6;100.7;99.7;100.8;100.2;100.7; ; ;; ; ;; ; ;; 
1999;8;100.5;100.2;100.3;99.1;99.5;100.3;99.3;100.2; ; ;; ; ;; ; ;; 
1999;9;99.5;100.2;99.9;98.3;100;99.9;99.1;99.8; ; ;; ; ;; ; ;; 
1999;10;98;100.4;99;97.8;99.6;99.3;98.7;99.2; ; ;; ; ;; ; ;; 
1999;11;96.6;97.7;98.4;97.1;98.8;97.4;97.9;97.4; ; ;; ; ;; ; ;; 
1999;12;97.2;96.6;97.3;97.4;98.7;96.9;98;97.1; ; ;; ; ;; ; ;; 
2000;1;98.2;97.5;97.8;98.7;99.8;97.8;99.2;98; ; ;; ; ;; ; ;; 
2000;2;96.6;97.7;98;99.1;99.7;97.3;99.4;97.6; ; ;; ; ;; ; ;; 
2000;3;98.2;97.9;97.9;97.9;99.3;98;98.5;98.1; ; ;; ; ;; ; ;; 
2000;4;98.9;98.5;100.2;99;98.9;98.9;99;98.9; ; ;; ; ;; ; ;; 
2000;5;98.1;97.7;100;100.7;100.4;98.2;100.6;98.5; ; ;; ; ;; ; ;; 
2000;6;97;96.6;99;100.7;101.1;97.1;100.9;97.7; ; ;; ; ;; ; ;; 
2000;7;97.2;95.9;98.6;100.2;100.8;96.8;100.5;97.3; ; ;; ; ;; ; ;; 
2000;8;97;96.3;99.1;101.3;103.9;96.9;102.5;97.8; ; ;; ; ;; ; ;; 
2000;9;96.8;97.7;99.8;101.8;103.8;97.6;102.7;98.4; ; ;; ; ;; ; ;; 
2000;10;96.4;97.7;101.4;102.2;104.6;97.6;103.3;98.5; ; ;; ; ;; ; ;; 
2000;11;96.4;97.7;100.5;103.4;104.8;97.5;104;98.5; ; ;; ; ;; ; ;; 
2000;12;96.1;97.1;99.5;103.1;104.3;97;103.6;98; ; ;; ; ;; ; ;; 
2001;1;95.4;96.7;99.5;103.1;104.6;96.5;103.8;97.6; ; ;; ; ;; ; ;; 
2001;2;96.5;96.1;99.7;103.2;105.3;96.7;104.2;97.8; ; ;; ; ;; ; ;; 
2001;3;96.3;96;100.2;102.5;105.5;96.6;103.9;97.7; ; ;; ; ;; ; ;; 
2001;4;95.6;95.7;100;103.6;105.6;96.2;104.5;97.5; ; ;; ; ;; ; ;; 
2001;5;94.9;95.2;99;104.3;105.6;95.6;104.9;97; ; ;; ; ;; ; ;; 
2001;6;93.6;95.1;97.7;104.2;105.2;94.8;104.6;96.3; ; ;; ; ;; ; ;; 
2001;7;92.4;95;97.4;103;105.2;94.3;104;95.8; ; ;; ; ;; ; ;; 
2001;8;92.4;94.4;97.5;103.3;105.6;94;104.3;95.6; ; ;; ; ;; ; ;; 
2001;9;91.7;93.7;96.8;101.5;105.5;93.3;103.3;94.8; ; ;; ; ;; ; ;; 
2001;10;90.5;92.2;95.4;99.1;105;91.9;101.7;93.4; ; ;; ; ;; ; ;; 
2001;11;89.6;88.8;94.7;98.9;100.7;89.9;99.7;91.3; ; ;; ; ;; ; ;; 
2001;12;87.5;87.7;91.4;95.7;99.6;88.1;97.4;89.5; ; ;; ; ;; ; ;; 
2002;1;86.5;85.8;91.3;95.3;99.3;86.8;97;88.3; ; ;; ; ;; ; ;; 
2002;2;84.9;85.3;90.9;94.8;98;85.9;96.2;87.4; ; ;; ; ;; ; ;; 
2002;3;83.8;84.9;88.4;94.4;97.4;84.9;95.7;86.5; ; ;; ; ;; ; ;; 
2002;4;83.3;84.8;87.9;93.4;96;84.6;94.5;86; ; ;; ; ;; ; ;; 
2002;5;81.8;83.5;86.8;92.3;93.6;83.3;92.8;84.6; ; ;; ; ;; ; ;; 
2002;6;81.5;82.5;86.2;89.6;94.2;82.6;91.5;83.9; ; ;; ; ;; ; ;; 
2002;7;80.8;81.7;85.7;89.4;93.9;81.9;91.3;83.2; ; ;; ; ;; ; ;; 
2002;8;80.4;81.3;84.9;88.1;94.2;81.5;90.6;82.7; ; ;; ; ;; ; ;; 
2002;9;80.3;79.4;81.9;86.8;93.5;80.1;89.6;81.4; ; ;; ; ;; ; ;; 
2002;10;77.6;78.8;80.3;86.3;92.7;78.6;88.9;80; ; ;; ; ;; ; ;; 
2002;11;77.5;77.4;79.6;83.8;91.4;77.7;86.9;79.1; ; ;; ; ;; ; ;; 
2002;12;76.6;76.7;76.3;83.1;87.1;76.6;84.7;77.8; ; ;; ; ;; ; ;; 
2003;1;76.8;75.8;75.5;82.3;86.1;76.1;83.9;77.3; ; ;; ; ;; ; ;; 
2003;2;75;75.5;75;81.1;85.7;75.2;83;76.4; ; ;; ; ;; ; ;; 
2003;3;74.3;74.8;76.4;81.1;84.8;74.8;82.6;76; ; ;; ; ;; ; ;; 
2003;4;73.5;74.1;76.1;81.2;83.6;74.1;82.2;75.3; ; ;; ; ;; ; ;; 
2003;5;72.9;72.3;72.5;77.4;81.4;72.6;79.1;73.5; ; ;; ; ;; ; ;; 
2003;6;72.1;71.2;70.8;75.1;80.3;71.5;77.3;72.3; ; ;; ; ;; ; ;; 
2003;7;71.8;71.5;70.6;75.1;79.3;71.5;76.8;72.2; ; ;; ; ;; ; ;; 
2003;8;71.7;71.6;70.4;74.9;78.1;71.5;76.2;72.1; ; ;; ; ;; ; ;; 
2003;9;70.5;70.8;69.9;73.7;78.6;70.6;75.7;71.3; ; ;; ; ;; ; ;; 
2003;10;71.1;71.4;69.6;74.3;78.2;71;75.9;71.7; ; ;; ; ;; ; ;; 
2003;11;71.5;71.9;70.7;75;78.7;71.6;76.6;72.3; ; ;; ; ;; ; ;; 
2003;12;72;71.8;72.4;75.4;78.6;72;76.8;72.6; ; ;; ; ;; ; ;; 
2004;1;73.2;73.2;73.2;77.7;78.8;73.2;78.2;73.9; ; ;; ; ;; ; ;; 
2004;2;72.9;73.7;75;80.2;78.8;73.6;79.6;74.4; ; ;; ; ;; ; ;; 
2004;3;74.4;74.8;77.9;80.2;82.4;75.1;81.2;76; ; ;; ; ;; ; ;; 
2004;4;74.8;76.4;78.6;81.9;82.7;76.1;82.2;77; ; ;; ; ;; ; ;; 
2004;5;75.2;76.6;77.7;83.6;83.6;76.2;83.6;77.3; ; ;; ; ;; ; ;; 
2004;6;75.8;76.4;79.3;84.9;86.4;76.6;85.6;78; ; ;; ; ;; ; ;; 
2004;7;75.5;76.4;78.8;84.5;87.7;76.4;85.9;77.9; ; ;; ; ;; ; ;; 
2004;8;76;76.8;79.5;85.7;87.7;76.9;86.6;78.4; ; ;; ; ;; ; ;; 
2004;9;76.3;78;80.8;85.8;91.7;77.8;88.4;79.4; ; ;; ; ;; ; ;; 
2004;10;76.6;78.2;80.5;87.8;89.2;77.9;88.4;79.5; ; ;; ; ;; ; ;; 
2004;11;77.2;78.5;84.4;88.6;91.5;78.9;89.9;80.5; ; ;; ; ;; ; ;; 
2004;12;77.5;79;82.9;87.4;92.4;79;89.6;80.6; ; ;; ; ;; ; ;; 
2005;1;78.4;80.5;85.5;89.8;91.2;80.4;90.4;81.9; ; ;; ; ;; ; ;; 
2005;2;78.3;80.9;85.7;91.9;92.4;80.6;92.1;82.3; ; ;; ; ;; ; ;; 
2005;3;80.1;81.6;86.6;94.4;90.7;81.8;92.8;83.3; ; ;; ; ;; ; ;; 
2005;4;81.1;83.2;89.4;92.2;93.3;83.3;92.7;84.6; ; ;; ; ;; ; ;; 
2005;5;83.1;83.9;90.3;91.9;95.8;84.5;93.6;85.7; ; ;; ; ;; ; ;; 
2005;6;83.3;84.3;91.9;92.1;97.6;85;94.5;86.3; ; ;; ; ;; ; ;; 
2005;7;83.3;86.6;91.6;96.5;97.9;86;97.1;87.5; ; ;; ; ;; ; ;; 
2005;8;84.2;86.3;91;96.8;101.6;86.1;98.9;87.8; ; ;; ; ;; ; ;; 
2005;9;86.6;87.9;91.1;97.1;104.8;87.8;100.6;89.5; ; ;; ; ;; ; ;; 
2005;10;87.2;88.3;93.9;96.2;101.9;88.6;98.8;89.9; ; ;; ; ;; ; ;; 
2005;11;87.7;87.8;93.5;98.2;102.8;88.5;100.3;90; ; ;; ; ;; ; ;; 
2005;12;86;87.9;94.6;99.3;104.1;88;101.5;89.7; ; ;; ; ;; ; ;; 
2006;1;85.2;87.7;93.5;99.4;102.4;87.4;100.7;89.1; ; ;; ; ;; ; ;; 
2006;2;86.3;87.4;93;100.3;103.3;87.6;101.6;89.4; ; ;; ; ;; ; ;; 
2006;3;87.7;87.1;91.5;98.6;101.1;87.9;99.7;89.3; ; ;; ; ;; ; ;; 
2006;4;88.2;89.3;95.6;100.9;103.2;89.6;101.9;91.1; ; ;; ; ;; ; ;; 
2006;5;88.7;88.7;94.3;99.5;104.8;89.4;101.8;91; ; ;; ; ;; ; ;; 
2006;6;89.3;87.8;92.8;99.6;105.2;89;102;90.7; ; ;; ; ;; ; ;; 
2006;7;90.1;88.1;96.4;99.8;108.1;89.9;103.3;91.6; ; ;; ; ;; ; ;; 
2006;8;90.9;89;93.8;100.2;108;90.3;103.5;91.9; ; ;; ; ;; ; ;; 
2006;9;92.4;90.6;92.2;100.6;108.2;91.5;103.8;93; ; ;; ; ;; ; ;; 
2006;10;92.7;90.2;94.9;103.7;109.5;91.7;106.1;93.5; ; ;; ; ;; ; ;; 
2006;11;94.9;91.1;93.6;100.4;111;92.9;104.8;94.3; ; ;; ; ;; ; ;; 
2006;12;94.4;91.6;95.3;102.8;112;93.1;106.6;94.7; ; ;; ; ;; ; ;; 
2007;1;93.9;92.8;95.5;107.6;110.5;93.6;108.8;95.4; ; ;; ; ;; ; ;; 
2007;2;94;92.4;97.5;108.1;112.7;93.7;110;95.6; ; ;; ; ;; ; ;; 
2007;3;94.9;93.9;98.9;108;116.4;94.9;111.4;96.9; ; ;; ; ;; ; ;; 
2007;4;97.5;94.3;99.8;112.1;117.3;96.2;114.2;98.4; ; ;; ; ;; ; ;; 
2007;5;99.2;95.8;100.9;114.2;117.5;97.7;115.5;99.9; ; ;; ; ;; ; ;; 
2007;6;99.3;95.8;103.9;115.5;120.2;98.2;117.4;100.5; ; ;; ; ;; ; ;; 
2007;7;101.6;97.9;104.4;116;126.4;100.1;120.2;102.5; ; ;; ; ;; ; ;; 
2007;8;102.4;99.7;105.7;117.4;126.8;101.5;121.2;103.8; ; ;; ; ;; ; ;; 
2007;9;103.4;100.6;107.1;118.3;126.8;102.5;121.7;104.7; ; ;; ; ;; ; ;; 
2007;10;105.1;101.9;108;121.4;127.9;103.9;124;106.2; ; ;; ; ;; ; ;; 
2007;11;106.6;104.7;108.6;121.4;127.9;105.9;124;108; ; ;; ; ;; ; ;; 
2007;12;107.9;107;111.1;123.6;130.6;107.9;126.4;110; ; ;; ; ;; ; ;; 
2008;1;110.2;109.3;115.8;126.5;134.4;110.5;129.6;112.6; ; ;; ; ;; ; ;; 
2008;2;112.4;111.9;118.6;132.1;137.1;112.9;134.1;115.3; ; ;; ; ;; ; ;; 
2008;3;115.7;114.9;121.5;135;139.9;116;136.9;118.3; ; ;; ; ;; ; ;; 
2008;4;115.1;114.9;121.3;134.1;142.5;115.8;137.3;118.1; ; ;; ; ;; ; ;; 
2008;5;118.6;117.2;123.2;138.2;145.7;118.5;141;120.9; ; ;; ; ;; ; ;; 
2008;6;117.9;117.8;127.3;138.7;149.2;119;142.6;121.5; ; ;; ; ;; ; ;; 
2008;7;118.2;117.4;126;144.9;149.4;118.8;146.6;121.7; ; ;; ; ;; ; ;; 
2008;8;117.6;117.2;126.8;137.9;148.5;118.6;141.8;121.1; ; ;; ; ;; ; ;; 
2008;9;115.5;114.1;123.8;139.8;147.6;115.9;142.6;118.8; ; ;; ; ;; ; ;; 
2008;10;113.1;109.7;119.7;133.4;142.1;112.2;136.5;114.9; ; ;; ; ;; ; ;; 
2008;11;105.4;101.8;108.9;125.7;138.1;104;130.1;106.8; ; ;; ; ;; ; ;; 
2008;12;99.2;93.6;97.7;114.1;119.1;96.2;115.9;98.2; ; ;; ; ;; ; ;; 
2009;1;98.3;90.3;94.2;106;115.9;93.7;109.5;95.4; ; ;; ; ;; ; ;; 
2009;2;97.4;89.5;91.7;104.7;113.6;92.7;107.9;94.2; ; ;; ; ;; ; ;; 
2009;3;96.4;88.9;91.8;101;109.8;92;104.1;93.2; ; ;; ; ;; ; ;; 
2009;4;96.5;90.9;92;99.7;104.8;93.1;101.6;93.9; ; ;; ; ;; ; ;; 
2009;5;99;92.9;92;99.9;106.3;95;102.3;95.7; ; ;; ; ;; ; ;; 
2009;6;100.9;96.1;95.7;101.2;113.5;97.8;105.7;98.6; ; ;; ; ;; ; ;; 
2009;7;101.4;96.6;97.5;103.5;114.2;98.4;107.4;99.4; ; ;; ; ;; ; ;; 
2009;8;102;101;101.4;105.4;113.9;101.4;108.5;102.2; ; ;; ; ;; ; ;; 
2009;9;105.1;104.9;102;108.8;116.8;104.6;111.7;105.4; ; ;; ; ;; ; ;; 
2009;10;106.5;105.8;104.5;111.5;117.6;105.9;113.8;106.7; ; ;; ; ;; ; ;; 
2009;11;109.6;108.5;106.6;113.6;122.9;108.6;117.1;109.6; ; ;; ; ;; ; ;; 
2009;12;111;108.6;107.7;112.6;121.2;109.3;115.9;110.1; ; ;; ; ;; ; ;; 
2010;1;111.5;108.1;110.8;116.2;121.6;109.7;118.3;110.6; ; ;; ; ;; ; ;; 
2010;2;112.3;109;111.9;117;122.4;110.6;119.1;111.5; ; ;; ; ;; ; ;; 
2010;3;114.1;112.8;112.1;117.9;122.8;113.2;119.8;113.9; ; ;; ; ;; ; ;; 
2010;4;116;114.2;115;121.7;127.2;115;123.7;115.9; ; ;; ; ;; ; ;; 
2010;5;119;116.6;116;122.9;129.3;117.4;125.2;118.2; ; ;; ; ;; ; ;; 
2010;6;119.8;118;117;124.2;131.3;118.6;126.8;119.3; ; ;; ; ;; ; ;; 
2010;7;120.7;118.6;117.8;124.4;131.6;119.3;127;120; ; ;; ; ;; ; ;; 
2010;8;123;120.3;118.6;127.4;132.2;121.1;129.2;121.9; ; ;; ; ;; ; ;; 
2010;9;125.2;121.9;120.6;129;133.7;123;130.7;123.7; ; ;; ; ;; ; ;; 
2010;10;128.1;123.9;122.1;130.1;137;125.3;132.5;126; ; ;; ; ;; ; ;; 
2010;11;129.3;126.1;122.1;130;140.5;126.9;133.6;127.5; ; ;; ; ;; ; ;; 
2010;12;129.5;126.1;121.7;128.2;141.1;126.9;132.6;127.4; ; ;; ; ;; ; ;; 
2011;1;128.7;124.7;121.2;130.3;138.5;125.8;133.1;126.4; ; ;; ; ;; ; ;; 
2011;2;128.7;126.6;123.2;131.9;137.8;127;133.9;127.6; ; ;; ; ;; ; ;; 
2011;3;131.9;128.3;125.1;133.7;141.1;129.3;136.2;129.9; ; ;; ; ;; ; ;; 
2011;4;133.5;130.2;125.4;134.4;145.3;130.9;138.1;131.5; ; ;; ; ;; ; ;; 
2011;5;136.1;131.5;126.4;138.8;143.1;132.7;140.3;133.3; ; ;; ; ;; ; ;; 
2011;6;138.5;135.2;131.3;139.1;148.4;136;142.3;136.6; ; ;; ; ;; ; ;; 
2011;7;141.2;134.7;131.3;138.6;150;136.8;142.5;137.3; ; ;; ; ;; ; ;; 
2011;8;141.2;135;131.2;138.3;150.6;137;142.5;137.5; ; ;; ; ;; ; ;; 
2011;9;141.5;134.5;130.9;137.6;150;136.8;141.8;137.3; ; ;; ; ;; ; ;; 
2011;10;142.4;134.8;130.3;136.2;150.7;137.2;141.2;137.6; ; ;; ; ;; ; ;; 
2011;11;141.1;134.6;130.3;136.6;146.3;136.6;140;136.9; ; ;; ; ;; ; ;; 
2011;12;139.9;133.6;128.9;135.4;145.3;135.5;138.9;135.8; ; ;; ; ;; ; ;; 
2012;1;138.2;130.3;125.8;131.6;145.8;132.8;136.6;133.2; ; ;; ; ;; ; ;; 
2012;2;138.6;130.6;124.6;134.2;145.3;133;138.1;133.4; ; ;; ; ;; ; ;; 
2012;3;140.4;131.3;124.6;133.3;146.5;134;138;134.3; ; ;; ; ;; ; ;; 
2012;4;144.1;134;128.5;134.1;147.2;137.2;138.8;137.3; ; ;; ; ;; ; ;; 
2012;5;147.2;135.6;130.5;135.6;147.5;139.3;139.9;139.4; ; ;; ; ;; ; ;; 
2012;6;150.4;139.8;131;136.8;148;142.6;140.9;142.4; ; ;; ; ;; ; ;; 
2012;7;152.3;143.3;132.8;137.4;147.9;145.2;141.3;144.8; ; ;; ; ;; ; ;; 
2012;8;154;145.1;134.2;140.2;147.9;146.8;143;146.4; ; ;; ; ;; ; ;; 
2012;9;155.3;146.1;135.3;141.5;149.2;147.8;144.2;147.5; ; ;; ;;;;;;
2012;10;157.3;148.6;137.8;142.7;149.8;150.1;145.2;149.6; ; ;; ;;;;;;
2012;11;159.2;150.5;139.1;143.7;150.8;151.9;146.3;151.3; ; ;; ;;;;;;
2012;12;158.7;150.3;139.7;143.5;150.7;151.7;146.1;151.1; ; ;; ;;;;;;
2013;1;158.2;149.8;139.5;142.7;148.4;151.2;144.8;150.5; ; ;; ;;;;;;
2013;2;160.9;151.9;140.6;142.6;146.2;153.4;143.9;152.4; ; ;; ;;;;;;
2013;3;160.7;151.6;140.2;141.2;145.6;153.2;142.9;152.1; ; ;; ;;;;;;
2013;4;161.6;152.8;140.7;141.8;143.1;154.4;142.3;153.2; ; ;; ;;;;;;
2013;5;162;152.7;140.5;141.8;141;154.9;141.5;153.4; ; ;; ;;;;;;
2013;6;162.6;153;141.2;141.8;141.7;155.5;141.8;154; ; ;; ;;;;;;
2013;7;164.2;154.5;141;142.1;142.4;156.7;142.2;155.2; ; ;; ; ;; ; ;; 
2013;8;165.2;155.2;141.2;142.6;143.5;157.4;142.9;155.9; ; ;; ; ;; ; ;; 
2013;9;165.9;155.7;141.4;141.9;143.7;157.9;142.6;156.3; ; ;; ; ;; ; ;; 
2013;10;167;156.4;141.9;142;143.7;158.6;142.6;157; ; ;; ; ;; ; ;; 
2013;11;167.9;156.4;142.1;141.7;143.3;158.9;142.3;157.2; ; ;; ; ;; ; ;; 
2013;12;167.5;155.1;141.2;141.7;142.9;157.9;142.1;156.3; ; ;; ; ;; ; ;; 
2014;1;167.4;154.1;139.7;141.6;141.8;157.1;141.7;155.5; ; ;; ; ;; ; ;; 
2014;2;166.8;154;139.4;140.6;141;156.8;140.7;155; ; ;; ; ;; ; ;; 
2014;3;167.2;154;139.9;140;141.4;157;140.5;155.3; ; ;; ; ;; ; ;; 
2014;4;168.1;154.7;140.7;140.8;140.3;157.8;140.6;156; ; ;; ; ;; ; ;; 
2014;5;168.6;155.5;141.3;140.9;140.6;158.4;140.8;156.5; ; ;; ; ;; ; ;; 
2014;6;169.6;156.4;141.2;141;141.3;159.2;141.1;157.3; ; ;; ; ;; ; ;; 
2014;7;171.1;158.6;143;141.3;141.5;161.1;141.4;159; ; ;; ; ;; ; ;; 
2014;8;173.1;160.7;144.6;142.3;142.1;163.2;142.2;160.9; ; ;; ; ;; ; ;; 
2014;9;175.2;163;145.4;143.6;142.5;165.2;143.2;162.8; ; ;; ; ;; ; ;; 
2014;10;177.4;164.2;147;144.8;142.9;166.8;144.2;164.3; ; ;; ; ;; ; ;; 
2014;11;178.2;165.5;148.3;145.5;143.5;167.9;144.8;165.3; ; ;; ; ;; ; ;; 
2014;12;179.2;166.3;149.4;145.7;143.5;168.8;144.9;166.2; ; ;; ; ;; ; ;; 
2015;1;180.7;167.4;149.7;147;144.3;169.9;146.1;167.3; ; ;; ; ;; ; ;; 
2015;2;181.3;168.6;151.1;147.7;144.5;170.9;146.6;168.3; ; ;; ; ;; ; ;; 
2015;3;183.6;170.1;151.5;149;144.8;172.5;147.6;169.8; ; ;; ; ;; ; ;; 
2015;4;185.8;171.4;152.7;149.9;144.9;174.2;148.2;171.3; ; ;; ; ;; ; ;; 
2015;5;187.7;173.5;154.2;150;145.2;176.1;148.4;173.1; ; ;; ; ;; ; ;; 
2015;6;188.6;174.5;154.7;151;145.6;177.1;149.2;174.1; ; ;; ; ;; ; ;; 
2015;7;190.1;175.2;156.3;152;146.7;178.2;150.2;175.2; ; ;; ; ;; ; ;; 
2015;8;191.9;177.4;157;153.6;147;180.1;151.3;177; ; ;; ; ;; ; ;; 
2015;9;192.7;177.5;157.2;153.6;147.2;180.5;151.3;177.5; ; ;; ; ;; ; ;; 
2015;10;190.6;175.3;155.7;152;146.7;178.5;150.1;175.5; ; ;; ; ;; ; ;; 
2015;11;189;172.6;155.3;151.7;146;176.6;149.7;173.7; ; ;; ; ;; ; ;; 
2015;12;187.1;169.2;153.1;148.7;145.6;173.9;147.6;171.2; ; ;; ; ;; ; ;; 
2016;1;185;165.5;152.6;148.5;144.4;171.3;147.1;168.8; ; ;; ; ;; ; ;; 
2016;2;179.4;160.5;146;147.5;143.6;165.9;146.1;163.9; ; ;; ; ;; ; ;; 
2016;3;179.4;159.8;145.8;145.6;142.7;165.5;144.6;163.4; ; ;; ; ;; ; ;; 
2016;4;179.4;159.8;145.8;145;141.5;165.5;143.8;163.3; ; ;; ; ;; ; ;; 
2016;5;180.6;160.8;146.1;145;141.5;166.4;143.7;164.1; ; ;; ; ;; ; ;; 
